what,kind,bundleId,bundleVersion,description,time
executed,command,org.eclipse.ui.ide,3.7.0.v20110928-1505,"org.eclipse.jdt.ui.edit.text.java.correction.assist.proposals",1476686690530
executed,command,org.eclipse.ui,3.7.0.v20110928-1505,"org.eclipse.ui.edit.text.contentAssist.proposals",1476686703310
executed,command,org.eclipse.ui,3.7.0.v20110928-1505,"org.eclipse.ui.edit.undo",1476686715505
opened,editor,org.eclipse.jdt.ui,3.7.2.v20120109-1427,"org.eclipse.jdt.ui.ClassFileEditor",1476686756060
activated,editor,org.eclipse.jdt.ui,3.7.2.v20120109-1427,"org.eclipse.jdt.ui.ClassFileEditor",1476686756156
activated,editor,org.eclipse.jdt.ui,3.7.2.v20120109-1427,"org.eclipse.jdt.ui.CompilationUnitEditor",1476686762686
closed,editor,org.eclipse.jdt.ui,3.7.2.v20120109-1427,"org.eclipse.jdt.ui.ClassFileEditor",1476686762686
opened,view,org.eclipse.jdt.ui,3.7.2.v20120109-1427,"org.eclipse.jdt.ui.TypeHierarchy",1476686772196
activated,view,org.eclipse.jdt.ui,3.7.2.v20120109-1427,"org.eclipse.jdt.ui.TypeHierarchy",1476686772238
executed,command,org.eclipse.jdt.ui,3.7.2.v20120109-1427,"org.eclipse.jdt.ui.edit.text.java.open.type.hierarchy",1476686772285
activated,editor,org.eclipse.jdt.ui,3.7.2.v20120109-1427,"org.eclipse.jdt.ui.CompilationUnitEditor",1476686862227
executed,command,org.eclipse.ui,3.7.0.v20110928-1505,"org.eclipse.ui.edit.text.contentAssist.proposals",1476686875792
activated,view,org.eclipse.jdt.ui,3.7.2.v20120109-1427,"org.eclipse.jdt.ui.TypeHierarchy",1476686883200
activated,editor,org.eclipse.jdt.ui,3.7.2.v20120109-1427,"org.eclipse.jdt.ui.CompilationUnitEditor",1476686883225
closed,view,org.eclipse.jdt.ui,3.7.2.v20120109-1427,"org.eclipse.jdt.ui.TypeHierarchy",1476686883234
executed,command,org.eclipse.ui,3.7.0.v20110928-1505,"org.eclipse.ui.edit.text.contentAssist.proposals",1476686951480
activated,editor,org.eclipse.jdt.ui,3.7.2.v20120109-1427,"org.eclipse.jdt.ui.CompilationUnitEditor",1476686970434
executed,command,org.eclipse.jdt.ui,3.7.2.v20120109-1427,"org.eclipse.jdt.ui.edit.text.java.source.quickMenu",1476686978538
deactivated,workbench,org.eclipse.ui.workbench,3.7.1.v20120104-1859,"",1476686992431
activated,workbench,org.eclipse.ui.workbench,3.7.1.v20120104-1859,"",1476686998702
error,log,,,"Could not retrieve interfaces",1476686998736
executed,command,org.eclipse.jdt.ui,3.7.2.v20120109-1427,"org.eclipse.jdt.ui.edit.text.java.generate.tostring",1476686998766
activated,editor,org.eclipse.jdt.ui,3.7.2.v20120109-1427,"org.eclipse.jdt.ui.CompilationUnitEditor",1476687003274
executed,command,org.eclipse.ui,3.7.0.v20110928-1505,"org.eclipse.ui.file.save",1476687004895
executed,command,org.eclipse.ui,3.7.0.v20110928-1505,"org.eclipse.ui.file.saveAll",1476687006454
deactivated,workbench,org.eclipse.ui.workbench,3.7.1.v20120104-1859,"",1476687010576
started,bundle,org.eclipse.jst.server.generic.core,1.0.700.v20101219,"org.eclipse.jst.server.generic.core",1476687010675
started,bundle,org.eclipse.jst.server.preview.adapter,1.1.100.v20100308,"org.eclipse.jst.server.preview.adapter",1476687010678
activated,workbench,org.eclipse.ui.workbench,3.7.1.v20120104-1859,"",1476687015504
executed,command,org.eclipse.wst.server.ui,1.3.0.v20120210_1439,"org.eclipse.wst.server.launchShortcut.run",1476687015517
executed,command,org.eclipse.jdt.debug.ui,3.6.1.v20111006_r372,"org.eclipse.jdt.debug.ui.localJavaShortcut.run",1476687020656
opened,view,org.eclipse.ui.console,3.5.100.v20111007_r372,"org.eclipse.ui.console.ConsoleView",1476687021233
activated,view,org.eclipse.ui.console,3.5.100.v20111007_r372,"org.eclipse.ui.console.ConsoleView",1476687029015
activated,editor,org.eclipse.jdt.ui,3.7.2.v20120109-1427,"org.eclipse.jdt.ui.CompilationUnitEditor",1476687049803
executed,command,org.eclipse.ui,3.7.0.v20110928-1505,"org.eclipse.ui.file.save",1476687074283
executed,command,org.eclipse.jdt.debug.ui,3.6.1.v20111006_r372,"org.eclipse.jdt.debug.ui.localJavaShortcut.run",1476687077766
activated,view,org.eclipse.ui.console,3.5.100.v20111007_r372,"org.eclipse.ui.console.ConsoleView",1476687082161
activated,editor,org.eclipse.wst.xml.ui,1.1.202.v201112071516,"org.eclipse.wst.xml.ui.internal.tabletree.XMLMultiPageEditorPart",1476687101693
executed,command,org.eclipse.ui,3.7.0.v20110928-1505,"org.eclipse.ui.edit.cut",1476687130561
executed,command,org.eclipse.ui,3.7.0.v20110928-1505,"org.eclipse.ui.edit.paste",1476687144201
executed,command,org.eclipse.wst.sse.ui,1.3.2.v201201041522,"org.eclipse.wst.sse.ui.add.block.comment",1476687165018
executed,command,org.eclipse.wst.sse.ui,1.3.2.v201201041522,"org.eclipse.wst.sse.ui.format.document",1476687169355
executed,command,org.eclipse.ui,3.7.0.v20110928-1505,"org.eclipse.ui.file.save",1476687173588
activated,editor,org.eclipse.jdt.ui,3.7.2.v20120109-1427,"org.eclipse.jdt.ui.CompilationUnitEditor",1476687175429
executed,command,org.eclipse.jdt.debug.ui,3.6.1.v20111006_r372,"org.eclipse.jdt.debug.ui.localJavaShortcut.run",1476687178371
activated,view,org.eclipse.ui.console,3.5.100.v20111007_r372,"org.eclipse.ui.console.ConsoleView",1476687181208
activated,editor,org.eclipse.jdt.ui,3.7.2.v20120109-1427,"org.eclipse.jdt.ui.CompilationUnitEditor",1476687183902
activated,editor,org.eclipse.wst.xml.ui,1.1.202.v201112071516,"org.eclipse.wst.xml.ui.internal.tabletree.XMLMultiPageEditorPart",1476687205283
activated,editor,org.eclipse.jdt.ui,3.7.2.v20120109-1427,"org.eclipse.jdt.ui.CompilationUnitEditor",1476687247867
executed,command,org.eclipse.ui,3.7.0.v20110928-1505,"org.eclipse.ui.file.save",1476687306076
activated,editor,org.eclipse.wst.xml.ui,1.1.202.v201112071516,"org.eclipse.wst.xml.ui.internal.tabletree.XMLMultiPageEditorPart",1476687317467
closed,editor,org.eclipse.jdt.ui,3.7.2.v20120109-1427,"org.eclipse.jdt.ui.CompilationUnitEditor",1476687317467
activated,editor,org.eclipse.jdt.ui,3.7.2.v20120109-1427,"org.eclipse.jdt.ui.CompilationUnitEditor",1476687319974
closed,editor,org.eclipse.wst.xml.ui,1.1.202.v201112071516,"org.eclipse.wst.xml.ui.internal.tabletree.XMLMultiPageEditorPart",1476687319974
activated,view,org.eclipse.ui.navigator.resources,3.4.300.v20110928-1505,"org.eclipse.ui.navigator.ProjectExplorer",1476687359133
deactivated,workbench,org.eclipse.ui.workbench,3.7.1.v20120104-1859,"",1476687372891
activated,workbench,org.eclipse.ui.workbench,3.7.1.v20120104-1859,"",1476687374620
deactivated,workbench,org.eclipse.ui.workbench,3.7.1.v20120104-1859,"",1476687380575
activated,workbench,org.eclipse.ui.workbench,3.7.1.v20120104-1859,"",1476687394028
deactivated,workbench,org.eclipse.ui.workbench,3.7.1.v20120104-1859,"",1476687419933
activated,workbench,org.eclipse.ui.workbench,3.7.1.v20120104-1859,"",1476687422571
started,bundle,org.eclipse.wst.html.core,1.1.502.v201202091936,"org.eclipse.wst.html.core",1476687431168
started,bundle,org.eclipse.wst.css.core,1.1.501.v201111292150,"org.eclipse.wst.css.core",1476687431246
started,bundle,org.eclipse.wst.jsdt.web.ui,1.0.401.v201108152113,"org.eclipse.wst.jsdt.web.ui",1476687431268
started,bundle,org.eclipse.wst.jsdt.web.core,1.0.401.v201108152113,"org.eclipse.wst.jsdt.web.core",1476687431376
deactivated,workbench,org.eclipse.ui.workbench,3.7.1.v20120104-1859,"",1476687431625
activated,workbench,org.eclipse.ui.workbench,3.7.1.v20120104-1859,"",1476687441135
started,bundle,org.eclipse.wst.jsdt.web.support.jsp,1.0.400.v201102241833,"org.eclipse.wst.jsdt.web.support.jsp",1476687441245
opened,editor,org.eclipse.jst.jsp.ui,1.1.602.v201112071516,"org.eclipse.jst.jsp.core.jspsource.source",1476687441400
started,bundle,org.eclipse.wst.jsdt.debug.ui,1.0.101.v201201112313,"org.eclipse.wst.jsdt.debug.ui",1476687441633
activated,editor,org.eclipse.jst.jsp.ui,1.1.602.v201112071516,"org.eclipse.jst.jsp.core.jspsource.source",1476687441636
executed,command,org.eclipse.ui,3.7.0.v20110928-1505,"org.eclipse.ui.file.save",1476687502719
deactivated,workbench,org.eclipse.ui.workbench,3.7.1.v20120104-1859,"",1476687508099
activated,workbench,org.eclipse.ui.workbench,3.7.1.v20120104-1859,"",1476687508116
deactivated,workbench,org.eclipse.ui.workbench,3.7.1.v20120104-1859,"",1476687516985
activated,workbench,org.eclipse.ui.workbench,3.7.1.v20120104-1859,"",1476687521313
executed,command,org.eclipse.wst.server.ui,1.3.0.v20120210_1439,"org.eclipse.wst.server.launchShortcut.run",1476687521422
opened,editor,org.eclipse.ui.browser,3.3.101.v20111019-1723,"org.eclipse.ui.browser.editor",1476687526218
activated,editor,org.eclipse.ui.browser,3.3.101.v20111019-1723,"org.eclipse.ui.browser.editor",1476687526253
activated,editor,org.eclipse.jst.jsp.ui,1.1.602.v201112071516,"org.eclipse.jst.jsp.core.jspsource.source",1476687533035
closed,editor,org.eclipse.ui.browser,3.3.101.v20111019-1723,"org.eclipse.ui.browser.editor",1476687533035
activated,view,org.eclipse.ui.console,3.5.100.v20111007_r372,"org.eclipse.ui.console.ConsoleView",1476687537113
activated,view,org.eclipse.wst.server.ui,1.3.0.v20120210_1439,"org.eclipse.wst.server.ui.ServersView",1476687539982
activated,editor,org.eclipse.jst.jsp.ui,1.1.602.v201112071516,"org.eclipse.jst.jsp.core.jspsource.source",1476687540886
activated,view,org.eclipse.ui.navigator.resources,3.4.300.v20110928-1505,"org.eclipse.ui.navigator.ProjectExplorer",1476687556086
opened,editor,org.eclipse.wst.xml.ui,1.1.202.v201112071516,"org.eclipse.wst.xml.ui.internal.tabletree.XMLMultiPageEditorPart",1476687556374
activated,editor,org.eclipse.wst.xml.ui,1.1.202.v201112071516,"org.eclipse.wst.xml.ui.internal.tabletree.XMLMultiPageEditorPart",1476687556465
activated,editor,org.eclipse.wst.xml.ui,1.1.202.v201112071516,"org.eclipse.wst.xml.ui.internal.tabletree.XMLMultiPageEditorPart",1476687560125
executed,command,org.eclipse.wst.sse.ui,1.3.2.v201201041522,"org.eclipse.wst.sse.ui.add.block.comment",1476687568990
executed,command,org.eclipse.ui,3.7.0.v20110928-1505,"org.eclipse.ui.edit.undo",1476687571385
executed,command,org.eclipse.wst.sse.ui,1.3.2.v201201041522,"org.eclipse.wst.sse.ui.remove.block.comment",1476687574639
executed,command,org.eclipse.ui,3.7.0.v20110928-1505,"org.eclipse.ui.file.save",1476687578121
opened,view,org.eclipse.mylyn.tasks.ui,3.6.5.v20120215-0100,"org.eclipse.mylyn.tasks.ui.views.tasks",1476687593035
activated,view,org.eclipse.mylyn.tasks.ui,3.6.5.v20120215-0100,"org.eclipse.mylyn.tasks.ui.views.tasks",1476687593068
activated,view,org.eclipse.ui.views,3.6.0.v20110928-1505,"org.eclipse.ui.views.ContentOutline",1476687594770
activated,view,org.eclipse.mylyn.tasks.ui,3.6.5.v20120215-0100,"org.eclipse.mylyn.tasks.ui.views.tasks",1476687596974
activated,view,org.eclipse.ui.views,3.6.0.v20110928-1505,"org.eclipse.ui.views.ContentOutline",1476687599423
activated,editor,org.eclipse.wst.xml.ui,1.1.202.v201112071516,"org.eclipse.wst.xml.ui.internal.tabletree.XMLMultiPageEditorPart",1476687600215
activated,editor,org.eclipse.wst.xml.ui,1.1.202.v201112071516,"org.eclipse.wst.xml.ui.internal.tabletree.XMLMultiPageEditorPart",1476687614323
executed,command,org.eclipse.wst.sse.ui,1.3.2.v201201041522,"org.eclipse.wst.sse.ui.add.block.comment",1476687712444
executed,command,org.eclipse.ui,3.7.0.v20110928-1505,"org.eclipse.ui.file.save",1476687714845
activated,view,org.eclipse.ui.navigator.resources,3.4.300.v20110928-1505,"org.eclipse.ui.navigator.ProjectExplorer",1476687780494
deactivated,workbench,org.eclipse.ui.workbench,3.7.1.v20120104-1859,"",1476687782676
activated,workbench,org.eclipse.ui.workbench,3.7.1.v20120104-1859,"",1476687874384
opened,editor,org.eclipse.jdt.ui,3.7.2.v20120109-1427,"org.eclipse.jdt.ui.CompilationUnitEditor",1476687874557
activated,editor,org.eclipse.jdt.ui,3.7.2.v20120109-1427,"org.eclipse.jdt.ui.CompilationUnitEditor",1476687874678
deactivated,workbench,org.eclipse.ui.workbench,3.7.1.v20120104-1859,"",1476688083036
activated,workbench,org.eclipse.ui.workbench,3.7.1.v20120104-1859,"",1476688200475
activated,view,org.eclipse.ui.navigator.resources,3.4.300.v20110928-1505,"org.eclipse.ui.navigator.ProjectExplorer",1476688207757
opened,editor,org.eclipse.wst.xml.ui,1.1.202.v201112071516,"org.eclipse.wst.xml.ui.internal.tabletree.XMLMultiPageEditorPart",1476688208041
activated,editor,org.eclipse.wst.xml.ui,1.1.202.v201112071516,"org.eclipse.wst.xml.ui.internal.tabletree.XMLMultiPageEditorPart",1476688208150
deactivated,workbench,org.eclipse.ui.workbench,3.7.1.v20120104-1859,"",1476688266008
activated,workbench,org.eclipse.ui.workbench,3.7.1.v20120104-1859,"",1476688396009
executed,command,org.eclipse.ui,3.7.0.v20110928-1505,"org.eclipse.ui.edit.text.contentAssist.proposals",1476688505085
executed,command,org.eclipse.ui,3.7.0.v20110928-1505,"org.eclipse.ui.edit.text.contentAssist.proposals",1476688537265
executed,command,org.eclipse.ui,3.7.0.v20110928-1505,"org.eclipse.ui.edit.text.contentAssist.proposals",1476688561116
executed,command,org.eclipse.ui,3.7.0.v20110928-1505,"org.eclipse.ui.edit.text.contentAssist.proposals",1476688565765
executed,command,org.eclipse.ui,3.7.0.v20110928-1505,"org.eclipse.ui.file.save",1476688573041
activated,editor,org.eclipse.jdt.ui,3.7.2.v20120109-1427,"org.eclipse.jdt.ui.CompilationUnitEditor",1476688588743
executed,command,org.eclipse.ui.ide,3.7.0.v20110928-1505,"org.eclipse.jdt.ui.edit.text.java.correction.assist.proposals",1476688623191
deactivated,workbench,org.eclipse.ui.workbench,3.7.1.v20120104-1859,"",1476688623914
activated,workbench,org.eclipse.ui.workbench,3.7.1.v20120104-1859,"",1476688624764
executed,command,org.eclipse.jdt.ui,3.7.2.v20120109-1427,"org.eclipse.jdt.ui.edit.text.java.source.quickMenu",1476688633247
executed,command,org.eclipse.jdt.ui,3.7.2.v20120109-1427,"org.eclipse.jdt.ui.edit.text.java.organize.imports",1476688638144
executed,command,org.eclipse.jdt.ui,3.7.2.v20120109-1427,"org.eclipse.jdt.ui.edit.text.java.source.quickMenu",1476688641663
deactivated,workbench,org.eclipse.ui.workbench,3.7.1.v20120104-1859,"",1476688645963
activated,workbench,org.eclipse.ui.workbench,3.7.1.v20120104-1859,"",1476688648435
executed,command,org.eclipse.jdt.ui,3.7.2.v20120109-1427,"org.eclipse.jdt.ui.edit.text.java.create.getter.setter",1476688648468
executed,command,org.eclipse.ui,3.7.0.v20110928-1505,"org.eclipse.ui.edit.text.contentAssist.proposals",1476688694876
activated,editor,org.eclipse.wst.xml.ui,1.1.202.v201112071516,"org.eclipse.wst.xml.ui.internal.tabletree.XMLMultiPageEditorPart",1476688843699
activated,editor,org.eclipse.wst.xml.ui,1.1.202.v201112071516,"org.eclipse.wst.xml.ui.internal.tabletree.XMLMultiPageEditorPart",1476688873035
activated,editor,org.eclipse.jdt.ui,3.7.2.v20120109-1427,"org.eclipse.jdt.ui.CompilationUnitEditor",1476688874547
activated,view,org.eclipse.ui.navigator.resources,3.4.300.v20110928-1505,"org.eclipse.ui.navigator.ProjectExplorer",1476688877810
deactivated,workbench,org.eclipse.ui.workbench,3.7.1.v20120104-1859,"",1476688882072
activated,workbench,org.eclipse.ui.workbench,3.7.1.v20120104-1859,"",1476688887633
opened,editor,org.eclipse.jst.jsp.ui,1.1.602.v201112071516,"org.eclipse.jst.jsp.core.jspsource.source",1476688887878
activated,editor,org.eclipse.jst.jsp.ui,1.1.602.v201112071516,"org.eclipse.jst.jsp.core.jspsource.source",1476688887961
deactivated,workbench,org.eclipse.ui.workbench,3.7.1.v20120104-1859,"",1476688981153
activated,workbench,org.eclipse.ui.workbench,3.7.1.v20120104-1859,"",1476688987191
executed,command,org.eclipse.ui,3.7.0.v20110928-1505,"org.eclipse.ui.file.save",1476688987214
started,bundle,org.eclipse.jst.jsf.facelet.ui,1.0.1.v201104032306,"org.eclipse.jst.jsf.facelet.ui",1476689000553
started,bundle,org.eclipse.jst.jsf.ui,1.3.2.v201104251204,"org.eclipse.jst.jsf.ui",1476689000580
executed,command,org.eclipse.ui,3.7.0.v20110928-1505,"org.eclipse.ui.file.save",1476689015646
started,bundle,org.eclipse.jst.jsf.facelet.core,1.0.100.v201104191527,"org.eclipse.jst.jsf.facelet.core",1476689028050
executed,command,org.eclipse.ui,3.7.0.v20110928-1505,"org.eclipse.ui.file.save",1476689059158
activated,editor,org.eclipse.wst.xml.ui,1.1.202.v201112071516,"org.eclipse.wst.xml.ui.internal.tabletree.XMLMultiPageEditorPart",1476689074653
executed,command,org.eclipse.ui,3.7.0.v20110928-1505,"org.eclipse.ui.edit.cut",1476689116696
executed,command,org.eclipse.ui,3.7.0.v20110928-1505,"org.eclipse.ui.edit.paste",1476689130081
executed,command,org.eclipse.wst.sse.ui,1.3.2.v201201041522,"org.eclipse.wst.sse.ui.format.document",1476689133397
executed,command,org.eclipse.ui,3.7.0.v20110928-1505,"org.eclipse.ui.file.save",1476689197888
executed,command,org.eclipse.ui,3.7.0.v20110928-1505,"org.eclipse.ui.file.save",1476689222684
activated,view,org.eclipse.wst.server.ui,1.3.0.v20120210_1439,"org.eclipse.wst.server.ui.ServersView",1476689239709
deactivated,workbench,org.eclipse.ui.workbench,3.7.1.v20120104-1859,"",1476689246297
activated,workbench,org.eclipse.ui.workbench,3.7.1.v20120104-1859,"",1476689247640
executed,command,org.eclipse.wst.server.ui,1.3.0.v20120210_1439,"org.eclipse.wst.server.run",1476689247707
activated,view,org.eclipse.ui.console,3.5.100.v20111007_r372,"org.eclipse.ui.console.ConsoleView",1476689248703
activated,view,org.eclipse.wst.server.ui,1.3.0.v20120210_1439,"org.eclipse.wst.server.ui.ServersView",1476689251589
activated,view,org.eclipse.ui.console,3.5.100.v20111007_r372,"org.eclipse.ui.console.ConsoleView",1476689254279
activated,editor,org.eclipse.wst.xml.ui,1.1.202.v201112071516,"org.eclipse.wst.xml.ui.internal.tabletree.XMLMultiPageEditorPart",1476689320815
activated,editor,org.eclipse.wst.xml.ui,1.1.202.v201112071516,"org.eclipse.wst.xml.ui.internal.tabletree.XMLMultiPageEditorPart",1476689325996
activated,editor,org.eclipse.jdt.ui,3.7.2.v20120109-1427,"org.eclipse.jdt.ui.CompilationUnitEditor",1476689328075
activated,editor,org.eclipse.wst.xml.ui,1.1.202.v201112071516,"org.eclipse.wst.xml.ui.internal.tabletree.XMLMultiPageEditorPart",1476689334465
activated,view,org.eclipse.ui.console,3.5.100.v20111007_r372,"org.eclipse.ui.console.ConsoleView",1476689374105
activated,editor,org.eclipse.jdt.ui,3.7.2.v20120109-1427,"org.eclipse.jdt.ui.CompilationUnitEditor",1476689424261
activated,editor,org.eclipse.wst.xml.ui,1.1.202.v201112071516,"org.eclipse.wst.xml.ui.internal.tabletree.XMLMultiPageEditorPart",1476689454411
activated,view,org.eclipse.ui.console,3.5.100.v20111007_r372,"org.eclipse.ui.console.ConsoleView",1476689475205
activated,editor,org.eclipse.wst.xml.ui,1.1.202.v201112071516,"org.eclipse.wst.xml.ui.internal.tabletree.XMLMultiPageEditorPart",1476689549831
activated,editor,org.eclipse.jdt.ui,3.7.2.v20120109-1427,"org.eclipse.jdt.ui.CompilationUnitEditor",1476689552417
activated,editor,org.eclipse.wst.xml.ui,1.1.202.v201112071516,"org.eclipse.wst.xml.ui.internal.tabletree.XMLMultiPageEditorPart",1476689562666
executed,command,org.eclipse.ui,3.7.0.v20110928-1505,"org.eclipse.ui.file.save",1476689570841
activated,editor,org.eclipse.jdt.ui,3.7.2.v20120109-1427,"org.eclipse.jdt.ui.CompilationUnitEditor",1476689581281
executed,command,org.eclipse.ui,3.7.0.v20110928-1505,"org.eclipse.ui.edit.text.contentAssist.proposals",1476689604922
activated,view,org.eclipse.ui.console,3.5.100.v20111007_r372,"org.eclipse.ui.console.ConsoleView",1476689609195
activated,view,org.eclipse.wst.server.ui,1.3.0.v20120210_1439,"org.eclipse.wst.server.ui.ServersView",1476689609309
executed,command,org.eclipse.ui,3.7.0.v20110928-1505,"org.eclipse.ui.file.saveAll",1476689612657
executed,command,org.eclipse.wst.server.ui,1.3.0.v20120210_1439,"org.eclipse.wst.server.run",1476689616981
activated,view,org.eclipse.ui.console,3.5.100.v20111007_r372,"org.eclipse.ui.console.ConsoleView",1476689617800
activated,view,org.eclipse.wst.server.ui,1.3.0.v20120210_1439,"org.eclipse.wst.server.ui.ServersView",1476689620808
activated,view,org.eclipse.ui.console,3.5.100.v20111007_r372,"org.eclipse.ui.console.ConsoleView",1476689622093
activated,editor,org.eclipse.wst.xml.ui,1.1.202.v201112071516,"org.eclipse.wst.xml.ui.internal.tabletree.XMLMultiPageEditorPart",1476689645287
executed,command,org.eclipse.ui,3.7.0.v20110928-1505,"org.eclipse.ui.file.save",1476689654815
activated,view,org.eclipse.ui.console,3.5.100.v20111007_r372,"org.eclipse.ui.console.ConsoleView",1476689663015
activated,view,org.eclipse.wst.server.ui,1.3.0.v20120210_1439,"org.eclipse.wst.server.ui.ServersView",1476689663117
activated,view,org.eclipse.ui.console,3.5.100.v20111007_r372,"org.eclipse.ui.console.ConsoleView",1476689665802
activated,view,org.eclipse.wst.server.ui,1.3.0.v20120210_1439,"org.eclipse.wst.server.ui.ServersView",1476689667398
executed,command,org.eclipse.wst.server.ui,1.3.0.v20120210_1439,"org.eclipse.wst.server.run",1476689669853
activated,view,org.eclipse.ui.console,3.5.100.v20111007_r372,"org.eclipse.ui.console.ConsoleView",1476689670632
activated,view,org.eclipse.wst.server.ui,1.3.0.v20120210_1439,"org.eclipse.wst.server.ui.ServersView",1476689673935
activated,view,org.eclipse.ui.console,3.5.100.v20111007_r372,"org.eclipse.ui.console.ConsoleView",1476689675367
activated,editor,org.eclipse.wst.xml.ui,1.1.202.v201112071516,"org.eclipse.wst.xml.ui.internal.tabletree.XMLMultiPageEditorPart",1476689697205
activated,view,org.eclipse.ui.console,3.5.100.v20111007_r372,"org.eclipse.ui.console.ConsoleView",1476689711473
activated,view,org.eclipse.wst.server.ui,1.3.0.v20120210_1439,"org.eclipse.wst.server.ui.ServersView",1476689711622
activated,editor,org.eclipse.wst.xml.ui,1.1.202.v201112071516,"org.eclipse.wst.xml.ui.internal.tabletree.XMLMultiPageEditorPart",1476689714477
executed,command,org.eclipse.ui,3.7.0.v20110928-1505,"org.eclipse.ui.file.save",1476689757673
executed,command,org.eclipse.ui,3.7.0.v20110928-1505,"org.eclipse.ui.file.save",1476689845807
activated,view,org.eclipse.ui.console,3.5.100.v20111007_r372,"org.eclipse.ui.console.ConsoleView",1476689847192
activated,view,org.eclipse.wst.server.ui,1.3.0.v20120210_1439,"org.eclipse.wst.server.ui.ServersView",1476689848613
executed,command,org.eclipse.wst.server.ui,1.3.0.v20120210_1439,"org.eclipse.wst.server.run",1476689852438
activated,view,org.eclipse.ui.console,3.5.100.v20111007_r372,"org.eclipse.ui.console.ConsoleView",1476689853371
activated,view,org.eclipse.wst.server.ui,1.3.0.v20120210_1439,"org.eclipse.wst.server.ui.ServersView",1476689856836
activated,view,org.eclipse.ui.console,3.5.100.v20111007_r372,"org.eclipse.ui.console.ConsoleView",1476689858231
activated,editor,org.eclipse.wst.xml.ui,1.1.202.v201112071516,"org.eclipse.wst.xml.ui.internal.tabletree.XMLMultiPageEditorPart",1476689906705
activated,editor,org.eclipse.jdt.ui,3.7.2.v20120109-1427,"org.eclipse.jdt.ui.CompilationUnitEditor",1476689940725
executed,command,org.eclipse.ui,3.7.0.v20110928-1505,"org.eclipse.ui.file.save",1476689947360
activated,view,org.eclipse.ui.console,3.5.100.v20111007_r372,"org.eclipse.ui.console.ConsoleView",1476689948630
activated,view,org.eclipse.wst.server.ui,1.3.0.v20120210_1439,"org.eclipse.wst.server.ui.ServersView",1476689948754
activated,editor,org.eclipse.jdt.ui,3.7.2.v20120109-1427,"org.eclipse.jdt.ui.CompilationUnitEditor",1476690012434
deactivated,workbench,org.eclipse.ui.workbench,3.7.1.v20120104-1859,"",1476690013911
activated,workbench,org.eclipse.ui.workbench,3.7.1.v20120104-1859,"",1476690339118
activated,editor,org.eclipse.wst.xml.ui,1.1.202.v201112071516,"org.eclipse.wst.xml.ui.internal.tabletree.XMLMultiPageEditorPart",1476690341629
activated,editor,org.eclipse.jdt.ui,3.7.2.v20120109-1427,"org.eclipse.jdt.ui.CompilationUnitEditor",1476690343612
executed,command,org.eclipse.ui,3.7.0.v20110928-1505,"org.eclipse.ui.edit.text.contentAssist.proposals",1476690358947
executed,command,org.eclipse.ui,3.7.0.v20110928-1505,"org.eclipse.ui.edit.text.contentAssist.proposals",1476690373688
deactivated,workbench,org.eclipse.ui.workbench,3.7.1.v20120104-1859,"",1476690384114
activated,workbench,org.eclipse.ui.workbench,3.7.1.v20120104-1859,"",1476690671315
activated,view,org.eclipse.ui.navigator.resources,3.4.300.v20110928-1505,"org.eclipse.ui.navigator.ProjectExplorer",1476690674441
deactivated,workbench,org.eclipse.ui.workbench,3.7.1.v20120104-1859,"",1476690676793
activated,workbench,org.eclipse.ui.workbench,3.7.1.v20120104-1859,"",1476690684259
deactivated,workbench,org.eclipse.ui.workbench,3.7.1.v20120104-1859,"",1476690690064
activated,workbench,org.eclipse.ui.workbench,3.7.1.v20120104-1859,"",1476690710506
opened,editor,org.eclipse.jdt.ui,3.7.2.v20120109-1427,"org.eclipse.jdt.ui.CompilationUnitEditor",1476690710713
activated,editor,org.eclipse.jdt.ui,3.7.2.v20120109-1427,"org.eclipse.jdt.ui.CompilationUnitEditor",1476690710790
deactivated,workbench,org.eclipse.ui.workbench,3.7.1.v20120104-1859,"",1476690732725
activated,workbench,org.eclipse.ui.workbench,3.7.1.v20120104-1859,"",1476690743878
executed,command,org.eclipse.ui,3.7.0.v20110928-1505,"org.eclipse.ui.edit.text.contentAssist.proposals",1476690754230
executed,command,org.eclipse.ui,3.7.0.v20110928-1505,"org.eclipse.ui.edit.paste",1476690757046
executed,command,org.eclipse.ui.ide,3.7.0.v20110928-1505,"org.eclipse.jdt.ui.edit.text.java.correction.assist.proposals",1476690760380
deactivated,workbench,org.eclipse.ui.workbench,3.7.1.v20120104-1859,"",1476690761327
activated,workbench,org.eclipse.ui.workbench,3.7.1.v20120104-1859,"",1476690762338
executed,command,org.eclipse.ui.ide,3.7.0.v20110928-1505,"org.eclipse.jdt.ui.edit.text.java.correction.assist.proposals",1476690765756
deactivated,workbench,org.eclipse.ui.workbench,3.7.1.v20120104-1859,"",1476690768367
activated,workbench,org.eclipse.ui.workbench,3.7.1.v20120104-1859,"",1476690769697
executed,command,org.eclipse.ui,3.7.0.v20110928-1505,"org.eclipse.ui.file.save",1476690894282
executed,command,,,"AUTOGEN:::org.eclipse.jdt.internal.ui.CompilationUnitEditor.ruler.actions/org.eclipse.jdt.internal.ui.javaeditor.JavaSelectRulerAction",1476690899249
deactivated,workbench,org.eclipse.ui.workbench,3.7.1.v20120104-1859,"",1476690904280
activated,workbench,org.eclipse.ui.workbench,3.7.1.v20120104-1859,"",1476690905618
executed,command,org.eclipse.ui,3.7.0.v20110928-1505,"org.eclipse.ui.file.save",1476690912124
activated,editor,org.eclipse.jdt.ui,3.7.2.v20120109-1427,"org.eclipse.jdt.ui.CompilationUnitEditor",1476690923580
executed,command,org.eclipse.ui,3.7.0.v20110928-1505,"org.eclipse.ui.edit.undo",1476690933937
executed,command,org.eclipse.ui,3.7.0.v20110928-1505,"org.eclipse.ui.file.save",1476690990245
activated,view,org.eclipse.wst.server.ui,1.3.0.v20120210_1439,"org.eclipse.wst.server.ui.ServersView",1476690996668
executed,command,org.eclipse.wst.server.ui,1.3.0.v20120210_1439,"org.eclipse.wst.server.run",1476690998521
activated,view,org.eclipse.ui.console,3.5.100.v20111007_r372,"org.eclipse.ui.console.ConsoleView",1476690999434
activated,view,org.eclipse.wst.server.ui,1.3.0.v20120210_1439,"org.eclipse.wst.server.ui.ServersView",1476691002899
activated,view,org.eclipse.ui.console,3.5.100.v20111007_r372,"org.eclipse.ui.console.ConsoleView",1476691004110
activated,editor,org.eclipse.wst.xml.ui,1.1.202.v201112071516,"org.eclipse.wst.xml.ui.internal.tabletree.XMLMultiPageEditorPart",1476691033952
executed,command,org.eclipse.ui,3.7.0.v20110928-1505,"org.eclipse.ui.file.save",1476691102124
activated,editor,org.eclipse.wst.xml.ui,1.1.202.v201112071516,"org.eclipse.wst.xml.ui.internal.tabletree.XMLMultiPageEditorPart",1476691104253
activated,editor,org.eclipse.wst.xml.ui,1.1.202.v201112071516,"org.eclipse.wst.xml.ui.internal.tabletree.XMLMultiPageEditorPart",1476691107313
activated,view,org.eclipse.ui.console,3.5.100.v20111007_r372,"org.eclipse.ui.console.ConsoleView",1476691117963
